gene	start	stop	frame	contig	score	phrog	alnScore	seqIdentity	eVal	top_hit	Method	Region	color	annot	category	vfdb_hit	vfdb_alnScore	vfdb_seqIdentity	vfdb_eVal	vfdb_short_name	vfdb_description	vfdb_species	CARD_hit	CARD_alnScore	CARD_seqIdentity	CARD_eVal	CARD_species	ARO_Accession	CARD_short_name	Protein_Accession	DNA_Accession	AMR_Gene_Family	Drug_Class	Resistance_Mechanism	locus_tag
NODE_1_length_48799_cov_5.520556_CDS_0001	2	256	+	NODE_1_length_48799_cov_5.520556	39.6	33972	43.0	0.621	1.84e-06	p128101 VI_01290	PRODIGAL	CDS	#07e9a2	tail protein	tail	None	None	None	None	None	None	None	None	None	None	None	None	None	None	None	None	None	None	None	NODE_1_length_48799_cov_5.520556_CDS_0001
NODE_1_length_48799_cov_5.520556_CDS_0002	257	463	+	NODE_1_length_48799_cov_5.520556	28.3	18444	76.0	0.63	1.787e-20	p351251 VI_01305	PRODIGAL	CDS	#c9c9c9	hypothetical protein	unknown function	None	None	None	None	None	None	None	None	None	None	None	None	None	None	None	None	None	None	None	NODE_1_length_48799_cov_5.520556_CDS_0002
NODE_1_length_48799_cov_5.520556_CDS_0003	465	1283	+	NODE_1_length_48799_cov_5.520556	120.1	435	138.0	0.443	1.645e-38	p149526 VI_06100	PRODIGAL	CDS	#f35f49	endolysin	lysis	None	None	None	None	None	None	None	None	None	None	None	None	None	None	None	None	None	None	None	NODE_1_length_48799_cov_5.520556_CDS_0003
NODE_1_length_48799_cov_5.520556_CDS_0004	1299	1583	+	NODE_1_length_48799_cov_5.520556	31.8	9829	89.0	0.492	1.802e-24	p69189 VI_06176	PRODIGAL	CDS	#c9c9c9	hypothetical protein	unknown function	None	None	None	None	None	None	None	None	None	None	None	None	None	None	None	None	None	None	None	NODE_1_length_48799_cov_5.520556_CDS_0004
NODE_1_length_48799_cov_5.520556_CDS_0005	1973	1617	-	NODE_1_length_48799_cov_5.520556	41.8	No_PHROG	No_PHROG	No_PHROG	No_PHROG	No_PHROG	PRODIGAL	CDS	None	hypothetical protein	unknown function	None	None	None	None	None	None	None	None	None	None	None	None	None	None	None	None	None	None	None	NODE_1_length_48799_cov_5.520556_CDS_0005
NODE_1_length_48799_cov_5.520556_CDS_0006	2329	2520	+	NODE_1_length_48799_cov_5.520556	28.4	No_PHROG	No_PHROG	No_PHROG	No_PHROG	No_PHROG	PRODIGAL	CDS	None	hypothetical protein	unknown function	None	None	None	None	None	None	None	None	None	None	None	None	None	None	None	None	None	None	None	NODE_1_length_48799_cov_5.520556_CDS_0006
NODE_1_length_48799_cov_5.520556_CDS_0007	2601	3311	+	NODE_1_length_48799_cov_5.520556	90.4	No_PHROG	No_PHROG	No_PHROG	No_PHROG	No_PHROG	PRODIGAL	CDS	None	hypothetical protein	unknown function	None	None	None	None	None	None	None	None	None	None	None	None	None	None	None	None	None	None	None	NODE_1_length_48799_cov_5.520556_CDS_0007
NODE_1_length_48799_cov_5.520556_CDS_0008	3415	4035	+	NODE_1_length_48799_cov_5.520556	88.0	14578	212.0	0.546	6.806e-65	p40957 VI_01210	PRODIGAL	CDS	#ffdf59	single strand DNA binding protein	DNA, RNA and nucleotide metabolism	None	None	None	None	None	None	None	None	None	None	None	None	None	None	None	None	None	None	None	NODE_1_length_48799_cov_5.520556_CDS_0008
NODE_1_length_48799_cov_5.520556_CDS_0009	4132	6243	+	NODE_1_length_48799_cov_5.520556	235.3	12241	102.0	0.221	1.041e-24	NC_018831_p38	PRODIGAL	CDS	#ffdf59	DNA polymerase	DNA, RNA and nucleotide metabolism	None	None	None	None	None	None	None	None	None	None	None	None	None	None	None	None	None	None	None	NODE_1_length_48799_cov_5.520556_CDS_0009
NODE_1_length_48799_cov_5.520556_CDS_0010	6299	6445	+	NODE_1_length_48799_cov_5.520556	9.5	No_PHROG	No_PHROG	No_PHROG	No_PHROG	No_PHROG	PRODIGAL	CDS	None	hypothetical protein	unknown function	None	None	None	None	None	None	None	None	None	None	None	None	None	None	None	None	None	None	None	NODE_1_length_48799_cov_5.520556_CDS_0010
NODE_1_length_48799_cov_5.520556_CDS_0011	6469	7308	+	NODE_1_length_48799_cov_5.520556	91.7	1706	134.0	0.331	2.5759999999999997e-37	MF358541_p90	PRODIGAL	CDS	#ffdf59	CRISPR/Cas system associated	DNA, RNA and nucleotide metabolism	None	None	None	None	None	None	None	None	None	None	None	None	None	None	None	None	None	None	None	NODE_1_length_48799_cov_5.520556_CDS_0011
NODE_1_length_48799_cov_5.520556_CDS_0012	7305	7742	+	NODE_1_length_48799_cov_5.520556	17.2	843	95.0	0.37	2.878e-25	NC_019914_p26	PRODIGAL	CDS	#ffdf59	Holliday junction resolvase	DNA, RNA and nucleotide metabolism	None	None	None	None	None	None	None	None	None	None	None	None	None	None	None	None	None	None	None	NODE_1_length_48799_cov_5.520556_CDS_0012
NODE_1_length_48799_cov_5.520556_CDS_0013	7739	8083	+	NODE_1_length_48799_cov_5.520556	41.2	1389	71.0	0.384	8.927e-18	NC_008265_p31	PRODIGAL	CDS	#c9c9c9	hypothetical protein	unknown function	None	None	None	None	None	None	None	None	None	None	None	None	None	None	None	None	None	None	None	NODE_1_length_48799_cov_5.520556_CDS_0013
NODE_1_length_48799_cov_5.520556_CDS_0014	8086	8262	+	NODE_1_length_48799_cov_5.520556	28.8	No_PHROG	No_PHROG	No_PHROG	No_PHROG	No_PHROG	PRODIGAL	CDS	None	hypothetical protein	unknown function	None	None	None	None	None	None	None	None	None	None	None	None	None	None	None	None	None	None	None	NODE_1_length_48799_cov_5.520556_CDS_0014
NODE_1_length_48799_cov_5.520556_CDS_0015	8277	8543	+	NODE_1_length_48799_cov_5.520556	30.5	419	40.0	0.327	1.754e-07	p167551 VI_05449	PRODIGAL	CDS	#c9c9c9	hypothetical protein	unknown function	None	None	None	None	None	None	None	None	None	None	None	None	None	None	None	None	None	None	None	NODE_1_length_48799_cov_5.520556_CDS_0015
NODE_1_length_48799_cov_5.520556_CDS_0016	8547	8750	+	NODE_1_length_48799_cov_5.520556	5.6	No_PHROG	No_PHROG	No_PHROG	No_PHROG	No_PHROG	PRODIGAL	CDS	None	hypothetical protein	unknown function	None	None	None	None	None	None	None	None	None	None	None	None	None	None	None	None	None	None	None	NODE_1_length_48799_cov_5.520556_CDS_0016
NODE_1_length_48799_cov_5.520556_CDS_0017	8750	9748	+	NODE_1_length_48799_cov_5.520556	138.6	97	153.0	0.311	6.360000000000001e-42	NC_023573_p129	PRODIGAL	CDS	#838383	UvsX-like recombinase	other	None	None	None	None	None	None	None	None	None	None	None	None	None	None	None	None	None	None	None	NODE_1_length_48799_cov_5.520556_CDS_0017
NODE_1_length_48799_cov_5.520556_CDS_0018	9748	9939	+	NODE_1_length_48799_cov_5.520556	14.0	No_PHROG	No_PHROG	No_PHROG	No_PHROG	No_PHROG	PRODIGAL	CDS	None	hypothetical protein	unknown function	None	None	None	None	None	None	None	None	None	None	None	None	None	None	None	None	None	None	None	NODE_1_length_48799_cov_5.520556_CDS_0018
NODE_1_length_48799_cov_5.520556_CDS_0019	9929	10267	+	NODE_1_length_48799_cov_5.520556	31.8	2002	94.0	0.516	6.329e-26	MF358541_p87	PRODIGAL	CDS	#ffdf59	Holliday junction resolvase	DNA, RNA and nucleotide metabolism	None	None	None	None	None	None	None	None	None	None	None	None	None	None	None	None	None	None	None	NODE_1_length_48799_cov_5.520556_CDS_0019
NODE_1_length_48799_cov_5.520556_CDS_0020	10309	10524	+	NODE_1_length_48799_cov_5.520556	35.4	No_PHROG	No_PHROG	No_PHROG	No_PHROG	No_PHROG	PRODIGAL	CDS	None	hypothetical protein	unknown function	None	None	None	None	None	None	None	None	None	None	None	None	None	None	None	None	None	None	None	NODE_1_length_48799_cov_5.520556_CDS_0020
NODE_1_length_48799_cov_5.520556_CDS_0021	10526	10768	+	NODE_1_length_48799_cov_5.520556	25.0	No_PHROG	No_PHROG	No_PHROG	No_PHROG	No_PHROG	PRODIGAL	CDS	None	hypothetical protein	unknown function	None	None	None	None	None	None	None	None	None	None	None	None	None	None	None	None	None	None	None	NODE_1_length_48799_cov_5.520556_CDS_0021
NODE_1_length_48799_cov_5.520556_CDS_0022	10775	10951	+	NODE_1_length_48799_cov_5.520556	23.7	No_PHROG	No_PHROG	No_PHROG	No_PHROG	No_PHROG	PRODIGAL	CDS	None	hypothetical protein	unknown function	None	None	None	None	None	None	None	None	None	None	None	None	None	None	None	None	None	None	None	NODE_1_length_48799_cov_5.520556_CDS_0022
NODE_1_length_48799_cov_5.520556_CDS_0023	10992	11303	+	NODE_1_length_48799_cov_5.520556	29.3	No_PHROG	No_PHROG	No_PHROG	No_PHROG	No_PHROG	PRODIGAL	CDS	None	hypothetical protein	unknown function	None	None	None	None	None	None	None	None	None	None	None	None	None	None	None	None	None	None	None	NODE_1_length_48799_cov_5.520556_CDS_0023
NODE_1_length_48799_cov_5.520556_CDS_0024	11319	11825	+	NODE_1_length_48799_cov_5.520556	57.2	No_PHROG	No_PHROG	No_PHROG	No_PHROG	No_PHROG	PRODIGAL	CDS	None	hypothetical protein	unknown function	None	None	None	None	None	None	None	None	None	None	None	None	None	None	None	None	None	None	None	NODE_1_length_48799_cov_5.520556_CDS_0024
NODE_1_length_48799_cov_5.520556_CDS_0025	11827	11949	+	NODE_1_length_48799_cov_5.520556	3.0	No_PHROG	No_PHROG	No_PHROG	No_PHROG	No_PHROG	PRODIGAL	CDS	None	hypothetical protein	unknown function	None	None	None	None	None	None	None	None	None	None	None	None	None	None	None	None	None	None	None	NODE_1_length_48799_cov_5.520556_CDS_0025
NODE_1_length_48799_cov_5.520556_CDS_0026	11951	12079	+	NODE_1_length_48799_cov_5.520556	-0.4	No_PHROG	No_PHROG	No_PHROG	No_PHROG	No_PHROG	PRODIGAL	CDS	None	hypothetical protein	unknown function	None	None	None	None	None	None	None	None	None	None	None	None	None	None	None	None	None	None	None	NODE_1_length_48799_cov_5.520556_CDS_0026
NODE_1_length_48799_cov_5.520556_CDS_0027	12092	12754	+	NODE_1_length_48799_cov_5.520556	76.7	50	106.0	0.337	9.456000000000001e-28	NC_025421_p36	PRODIGAL	CDS	#ffdf59	DnaC-like helicase loader	DNA, RNA and nucleotide metabolism	None	None	None	None	None	None	None	None	None	None	None	None	None	None	None	None	None	None	None	NODE_1_length_48799_cov_5.520556_CDS_0027
NODE_1_length_48799_cov_5.520556_CDS_0028	12751	13998	+	NODE_1_length_48799_cov_5.520556	189.0	19	129.0	0.253	1.089e-33	p414569 VI_10123	PRODIGAL	CDS	#ffdf59	DnaB-like replicative helicase	DNA, RNA and nucleotide metabolism	None	None	None	None	None	None	None	None	None	None	None	None	None	None	None	None	None	None	None	NODE_1_length_48799_cov_5.520556_CDS_0028
NODE_1_length_48799_cov_5.520556_CDS_0029	14231	15313	+	NODE_1_length_48799_cov_5.520556	138.1	487	358.0	0.513	5.34e-112	NC_027360_p78	PRODIGAL	CDS	#ff59f5	NrdD-like anaerobic ribonucleotide reductase large subunit	moron, auxiliary metabolic gene and host takeover	None	None	None	None	None	None	None	None	None	None	None	None	None	None	None	None	None	None	None	NODE_1_length_48799_cov_5.520556_CDS_0029
NODE_1_length_48799_cov_5.520556_CDS_0030	15484	16059	+	NODE_1_length_48799_cov_5.520556	44.4	28742	109.0	0.426	2.609e-30	NC_028895_p93	PRODIGAL	CDS	#c9c9c9	hypothetical protein	unknown function	None	None	None	None	None	None	None	None	None	None	None	None	None	None	None	None	None	None	None	NODE_1_length_48799_cov_5.520556_CDS_0030
NODE_1_length_48799_cov_5.520556_CDS_0031	16428	16898	+	NODE_1_length_48799_cov_5.520556	33.7	59	95.0	0.491	1.8170000000000001e-25	MG812495_p46	PRODIGAL	CDS	#ffdf59	HNH endonuclease	DNA, RNA and nucleotide metabolism	None	None	None	None	None	None	None	None	None	None	None	None	None	None	None	None	None	None	None	NODE_1_length_48799_cov_5.520556_CDS_0031
NODE_1_length_48799_cov_5.520556_CDS_0032	17408	18004	+	NODE_1_length_48799_cov_5.520556	81.7	29160	153.0	0.518	1.786e-45	MF001358_p43	PRODIGAL	CDS	#ffdf59	anaerobic ribonucleoside reductase large subunit	DNA, RNA and nucleotide metabolism	None	None	None	None	None	None	None	None	None	None	None	None	None	None	None	None	None	None	None	NODE_1_length_48799_cov_5.520556_CDS_0032
NODE_1_length_48799_cov_5.520556_CDS_0033	18158	18499	+	NODE_1_length_48799_cov_5.520556	27.9	6466	115.0	0.653	2.625e-33	NC_018859_p56	PRODIGAL	CDS	#ffdf59	DNA ligase	DNA, RNA and nucleotide metabolism	None	None	None	None	None	None	None	None	None	None	None	None	None	None	None	None	None	None	None	NODE_1_length_48799_cov_5.520556_CDS_0033
NODE_1_length_48799_cov_5.520556_CDS_0034	18511	18648	+	NODE_1_length_48799_cov_5.520556	18.1	No_PHROG	No_PHROG	No_PHROG	No_PHROG	No_PHROG	PRODIGAL	CDS	None	hypothetical protein	unknown function	None	None	None	None	None	None	None	None	None	None	None	None	None	None	None	None	None	None	None	NODE_1_length_48799_cov_5.520556_CDS_0034
NODE_1_length_48799_cov_5.520556_CDS_0035	18650	19135	+	NODE_1_length_48799_cov_5.520556	69.9	626	188.0	0.587	1.045e-56	NC_029009_p70	PRODIGAL	CDS	#ffdf59	anaerobic ribonucleotide reductase small subunit	DNA, RNA and nucleotide metabolism	None	None	None	None	None	None	None	None	None	None	None	None	None	None	None	None	None	None	None	NODE_1_length_48799_cov_5.520556_CDS_0035
NODE_1_length_48799_cov_5.520556_CDS_0036	19126	20007	+	NODE_1_length_48799_cov_5.520556	101.9	47	113.0	0.287	2.754e-29	KX925554_p102	PRODIGAL	CDS	#ffdf59	DNA primase	DNA, RNA and nucleotide metabolism	None	None	None	None	None	None	None	None	None	None	None	None	None	None	None	None	None	None	None	NODE_1_length_48799_cov_5.520556_CDS_0036
NODE_1_length_48799_cov_5.520556_CDS_0037	20026	20325	+	NODE_1_length_48799_cov_5.520556	30.0	No_PHROG	No_PHROG	No_PHROG	No_PHROG	No_PHROG	PRODIGAL	CDS	None	hypothetical protein	unknown function	None	None	None	None	None	None	None	None	None	None	None	None	None	None	None	None	None	None	None	NODE_1_length_48799_cov_5.520556_CDS_0037
NODE_1_length_48799_cov_5.520556_CDS_0038	20326	20613	+	NODE_1_length_48799_cov_5.520556	51.4	No_PHROG	No_PHROG	No_PHROG	No_PHROG	No_PHROG	PRODIGAL	CDS	None	hypothetical protein	unknown function	None	None	None	None	None	None	None	None	None	None	None	None	None	None	None	None	None	None	None	NODE_1_length_48799_cov_5.520556_CDS_0038
NODE_1_length_48799_cov_5.520556_CDS_0039	20610	20858	+	NODE_1_length_48799_cov_5.520556	31.9	No_PHROG	No_PHROG	No_PHROG	No_PHROG	No_PHROG	PRODIGAL	CDS	None	hypothetical protein	unknown function	None	None	None	None	None	None	None	None	None	None	None	None	None	None	None	None	None	None	None	NODE_1_length_48799_cov_5.520556_CDS_0039
NODE_1_length_48799_cov_5.520556_CDS_0040	20860	21345	+	NODE_1_length_48799_cov_5.520556	68.1	135	64.0	0.292	9.787e-15	NC_027996_p7	PRODIGAL	CDS	#ffdf59	dUTPase	DNA, RNA and nucleotide metabolism	None	None	None	None	None	None	None	None	None	None	None	None	None	None	None	None	None	None	None	NODE_1_length_48799_cov_5.520556_CDS_0040
NODE_1_length_48799_cov_5.520556_CDS_0041	21411	21863	+	NODE_1_length_48799_cov_5.520556	76.0	No_PHROG	No_PHROG	No_PHROG	No_PHROG	No_PHROG	PRODIGAL	CDS	None	hypothetical protein	unknown function	None	None	None	None	None	None	None	None	None	None	None	None	None	None	None	None	None	None	None	NODE_1_length_48799_cov_5.520556_CDS_0041
NODE_1_length_48799_cov_5.520556_CDS_0042	21863	22150	+	NODE_1_length_48799_cov_5.520556	37.4	No_PHROG	No_PHROG	No_PHROG	No_PHROG	No_PHROG	PRODIGAL	CDS	None	hypothetical protein	unknown function	None	None	None	None	None	None	None	None	None	None	None	None	None	None	None	None	None	None	None	NODE_1_length_48799_cov_5.520556_CDS_0042
NODE_1_length_48799_cov_5.520556_CDS_0043	22153	22563	+	NODE_1_length_48799_cov_5.520556	50.4	1485	56.0	0.472	1.483e-12	KY554773_p8	PRODIGAL	CDS	#c9c9c9	hypothetical protein	unknown function	None	None	None	None	None	None	None	None	None	None	None	None	None	None	None	None	None	None	None	NODE_1_length_48799_cov_5.520556_CDS_0043
NODE_1_length_48799_cov_5.520556_CDS_0044	22557	22835	+	NODE_1_length_48799_cov_5.520556	12.6	No_PHROG	No_PHROG	No_PHROG	No_PHROG	No_PHROG	PRODIGAL	CDS	None	hypothetical protein	unknown function	None	None	None	None	None	None	None	None	None	None	None	None	None	None	None	None	None	None	None	NODE_1_length_48799_cov_5.520556_CDS_0044
NODE_1_length_48799_cov_5.520556_CDS_0045	22819	23001	+	NODE_1_length_48799_cov_5.520556	11.7	No_PHROG	No_PHROG	No_PHROG	No_PHROG	No_PHROG	PRODIGAL	CDS	None	hypothetical protein	unknown function	None	None	None	None	None	None	None	None	None	None	None	None	None	None	None	None	None	None	None	NODE_1_length_48799_cov_5.520556_CDS_0045
NODE_1_length_48799_cov_5.520556_CDS_0046	23068	23988	+	NODE_1_length_48799_cov_5.520556	111.9	1817	192.0	0.515	4.2580000000000004e-58	NC_029080_p59	PRODIGAL	CDS	#ffdf59	nucleoside 2-deoxyribosyltransferase	DNA, RNA and nucleotide metabolism	None	None	None	None	None	None	None	None	None	None	None	None	None	None	None	None	None	None	None	NODE_1_length_48799_cov_5.520556_CDS_0046
NODE_1_length_48799_cov_5.520556_CDS_0047	23991	24143	+	NODE_1_length_48799_cov_5.520556	10.6	No_PHROG	No_PHROG	No_PHROG	No_PHROG	No_PHROG	PRODIGAL	CDS	None	hypothetical protein	unknown function	None	None	None	None	None	None	None	None	None	None	None	None	None	None	None	None	None	None	None	NODE_1_length_48799_cov_5.520556_CDS_0047
NODE_1_length_48799_cov_5.520556_CDS_0048	24237	24602	+	NODE_1_length_48799_cov_5.520556	36.3	314	44.0	0.288	2.678e-07	KT070867_p91	PRODIGAL	CDS	#ffdf59	homing endonuclease	DNA, RNA and nucleotide metabolism	None	None	None	None	None	None	None	None	None	None	None	None	None	None	None	None	None	None	None	NODE_1_length_48799_cov_5.520556_CDS_0048
NODE_1_length_48799_cov_5.520556_CDS_0049	24614	24850	+	NODE_1_length_48799_cov_5.520556	30.3	No_PHROG	No_PHROG	No_PHROG	No_PHROG	No_PHROG	PRODIGAL	CDS	None	hypothetical protein	unknown function	None	None	None	None	None	None	None	None	None	None	None	None	None	None	None	None	None	None	None	NODE_1_length_48799_cov_5.520556_CDS_0049
NODE_1_length_48799_cov_5.520556_CDS_0050	25479	25640	+	NODE_1_length_48799_cov_5.520556	1.1	No_PHROG	No_PHROG	No_PHROG	No_PHROG	No_PHROG	PRODIGAL	CDS	None	hypothetical protein	unknown function	None	None	None	None	None	None	None	None	None	None	None	None	None	None	None	None	None	None	None	NODE_1_length_48799_cov_5.520556_CDS_0050
NODE_1_length_48799_cov_5.520556_CDS_0051	25655	25903	+	NODE_1_length_48799_cov_5.520556	26.6	No_PHROG	No_PHROG	No_PHROG	No_PHROG	No_PHROG	PRODIGAL	CDS	None	hypothetical protein	unknown function	None	None	None	None	None	None	None	None	None	None	None	None	None	None	None	None	None	None	None	NODE_1_length_48799_cov_5.520556_CDS_0051
NODE_1_length_48799_cov_5.520556_CDS_0052	26151	27077	+	NODE_1_length_48799_cov_5.520556	91.7	No_PHROG	No_PHROG	No_PHROG	No_PHROG	No_PHROG	PRODIGAL	CDS	None	hypothetical protein	unknown function	None	None	None	None	None	None	None	None	None	None	None	None	None	None	None	None	None	None	None	NODE_1_length_48799_cov_5.520556_CDS_0052
NODE_1_length_48799_cov_5.520556_CDS_0053	27289	27813	+	NODE_1_length_48799_cov_5.520556	56.6	No_PHROG	No_PHROG	No_PHROG	No_PHROG	No_PHROG	PRODIGAL	CDS	None	hypothetical protein	unknown function	None	None	None	None	None	None	None	None	None	None	None	None	None	None	None	None	None	None	None	NODE_1_length_48799_cov_5.520556_CDS_0053
NODE_1_length_48799_cov_5.520556_CDS_0054	27813	28049	+	NODE_1_length_48799_cov_5.520556	9.5	No_PHROG	No_PHROG	No_PHROG	No_PHROG	No_PHROG	PRODIGAL	CDS	None	hypothetical protein	unknown function	None	None	None	None	None	None	None	None	None	None	None	None	None	None	None	None	None	None	None	NODE_1_length_48799_cov_5.520556_CDS_0054
NODE_1_length_48799_cov_5.520556_CDS_0055	28062	28316	+	NODE_1_length_48799_cov_5.520556	33.2	No_PHROG	No_PHROG	No_PHROG	No_PHROG	No_PHROG	PRODIGAL	CDS	None	hypothetical protein	unknown function	None	None	None	None	None	None	None	None	None	None	None	None	None	None	None	None	None	None	None	NODE_1_length_48799_cov_5.520556_CDS_0055
NODE_1_length_48799_cov_5.520556_CDS_0056	28379	28708	+	NODE_1_length_48799_cov_5.520556	33.9	30160	58.0	0.516	5.638e-14	p175164 VI_01280	PRODIGAL	CDS	#c9c9c9	hypothetical protein	unknown function	None	None	None	None	None	None	None	None	None	None	None	None	None	None	None	None	None	None	None	NODE_1_length_48799_cov_5.520556_CDS_0056
NODE_1_length_48799_cov_5.520556_CDS_0057	29723	29541	-	NODE_1_length_48799_cov_5.520556	22.6	No_PHROG	No_PHROG	No_PHROG	No_PHROG	No_PHROG	PRODIGAL	CDS	None	hypothetical protein	unknown function	None	None	None	None	None	None	None	None	None	None	None	None	None	None	None	None	None	None	None	NODE_1_length_48799_cov_5.520556_CDS_0057
NODE_1_length_48799_cov_5.520556_CDS_0058	30440	29823	-	NODE_1_length_48799_cov_5.520556	90.6	No_PHROG	No_PHROG	No_PHROG	No_PHROG	No_PHROG	PRODIGAL	CDS	None	hypothetical protein	unknown function	None	None	None	None	None	None	None	None	None	None	None	None	None	None	None	None	None	None	None	NODE_1_length_48799_cov_5.520556_CDS_0058
NODE_1_length_48799_cov_5.520556_CDS_0059	30792	30442	-	NODE_1_length_48799_cov_5.520556	62.4	8684	42.0	0.303	3.211e-07	p32927 VI_01017	PRODIGAL	CDS	#c9c9c9	hypothetical protein	unknown function	None	None	None	None	None	None	None	None	None	None	None	None	None	None	None	None	None	None	None	NODE_1_length_48799_cov_5.520556_CDS_0059
NODE_1_length_48799_cov_5.520556_CDS_0060	30989	30810	-	NODE_1_length_48799_cov_5.520556	21.4	No_PHROG	No_PHROG	No_PHROG	No_PHROG	No_PHROG	PRODIGAL	CDS	None	hypothetical protein	unknown function	None	None	None	None	None	None	None	None	None	None	None	None	None	None	None	None	None	None	None	NODE_1_length_48799_cov_5.520556_CDS_0060
NODE_1_length_48799_cov_5.520556_CDS_0061	31164	30991	-	NODE_1_length_48799_cov_5.520556	13.0	No_PHROG	No_PHROG	No_PHROG	No_PHROG	No_PHROG	PRODIGAL	CDS	None	hypothetical protein	unknown function	None	None	None	None	None	None	None	None	None	None	None	None	None	None	None	None	None	None	None	NODE_1_length_48799_cov_5.520556_CDS_0061
NODE_1_length_48799_cov_5.520556_CDS_0062	31495	31202	-	NODE_1_length_48799_cov_5.520556	31.9	No_PHROG	No_PHROG	No_PHROG	No_PHROG	No_PHROG	PRODIGAL	CDS	None	hypothetical protein	unknown function	None	None	None	None	None	None	None	None	None	None	None	None	None	None	None	None	None	None	None	NODE_1_length_48799_cov_5.520556_CDS_0062
NODE_1_length_48799_cov_5.520556_CDS_0063	31907	31539	-	NODE_1_length_48799_cov_5.520556	61.2	1233	88.0	0.472	6.332e-24	p367521 VI_04587	PRODIGAL	CDS	#c9c9c9	hypothetical protein	unknown function	None	None	None	None	None	None	None	None	None	None	None	None	None	None	None	None	None	None	None	NODE_1_length_48799_cov_5.520556_CDS_0063
NODE_1_length_48799_cov_5.520556_CDS_0064	32073	31918	-	NODE_1_length_48799_cov_5.520556	12.0	No_PHROG	No_PHROG	No_PHROG	No_PHROG	No_PHROG	PRODIGAL	CDS	None	hypothetical protein	unknown function	None	None	None	None	None	None	None	None	None	None	None	None	None	None	None	None	None	None	None	NODE_1_length_48799_cov_5.520556_CDS_0064
NODE_1_length_48799_cov_5.520556_CDS_0065	32213	32070	-	NODE_1_length_48799_cov_5.520556	13.1	No_PHROG	No_PHROG	No_PHROG	No_PHROG	No_PHROG	PRODIGAL	CDS	None	hypothetical protein	unknown function	None	None	None	None	None	None	None	None	None	None	None	None	None	None	None	None	None	None	None	NODE_1_length_48799_cov_5.520556_CDS_0065
NODE_1_length_48799_cov_5.520556_CDS_0066	32512	32210	-	NODE_1_length_48799_cov_5.520556	18.5	No_PHROG	No_PHROG	No_PHROG	No_PHROG	No_PHROG	PRODIGAL	CDS	None	hypothetical protein	unknown function	None	None	None	None	None	None	None	None	None	None	None	None	None	None	None	None	None	None	None	NODE_1_length_48799_cov_5.520556_CDS_0066
NODE_1_length_48799_cov_5.520556_CDS_0067	33033	33446	+	NODE_1_length_48799_cov_5.520556	34.7	51	44.0	0.341	6.719e-08	NC_022971_p69	PRODIGAL	CDS	#3e83f6	terminase small subunit	head and packaging	None	None	None	None	None	None	None	None	None	None	None	None	None	None	None	None	None	None	None	NODE_1_length_48799_cov_5.520556_CDS_0067
NODE_1_length_48799_cov_5.520556_CDS_0068	33723	34511	+	NODE_1_length_48799_cov_5.520556	73.8	3717	232.0	0.5	5.696e-71	KY303907_p80	PRODIGAL	CDS	#3e83f6	terminase large subunit	head and packaging	None	None	None	None	None	None	None	None	None	None	None	None	None	None	None	None	None	None	None	NODE_1_length_48799_cov_5.520556_CDS_0068
NODE_1_length_48799_cov_5.520556_CDS_0069	34586	35203	+	NODE_1_length_48799_cov_5.520556	65.9	314	97.0	0.365	7.916000000000001e-25	KT070867_p91	PRODIGAL	CDS	#ffdf59	homing endonuclease	DNA, RNA and nucleotide metabolism	None	None	None	None	None	None	None	None	None	None	None	None	None	None	None	None	None	None	None	NODE_1_length_48799_cov_5.520556_CDS_0069
NODE_1_length_48799_cov_5.520556_CDS_0070	35423	35863	+	NODE_1_length_48799_cov_5.520556	61.3	6672	168.0	0.676	5.478999999999999e-51	p226932 VI_05408	PRODIGAL	CDS	#3e83f6	terminase large subunit	head and packaging	None	None	None	None	None	None	None	None	None	None	None	None	None	None	None	None	None	None	None	NODE_1_length_48799_cov_5.520556_CDS_0070
NODE_1_length_48799_cov_5.520556_CDS_0071	35875	37359	+	NODE_1_length_48799_cov_5.520556	226.2	64	304.0	0.385	5.573e-92	MG765278_p17	PRODIGAL	CDS	#3e83f6	portal protein	head and packaging	None	None	None	None	None	None	None	None	None	None	None	None	None	None	None	None	None	None	None	NODE_1_length_48799_cov_5.520556_CDS_0071
NODE_1_length_48799_cov_5.520556_CDS_0072	37310	37984	+	NODE_1_length_48799_cov_5.520556	51.5	8089	86.0	0.273	3.357e-21	KY303907_p77	PRODIGAL	CDS	#3e83f6	head morphogenesis	head and packaging	None	None	None	None	None	None	None	None	None	None	None	None	None	None	None	None	None	None	None	NODE_1_length_48799_cov_5.520556_CDS_0072
NODE_1_length_48799_cov_5.520556_CDS_0073	38058	38693	+	NODE_1_length_48799_cov_5.520556	114.1	172	82.0	0.365	3.7570000000000005e-20	NC_018831_p10	PRODIGAL	CDS	#3e83f6	head scaffolding protein	head and packaging	None	None	None	None	None	None	None	None	None	None	None	None	None	None	None	None	None	None	None	NODE_1_length_48799_cov_5.520556_CDS_0073
NODE_1_length_48799_cov_5.520556_CDS_0074	38734	39018	+	NODE_1_length_48799_cov_5.520556	37.1	No_PHROG	No_PHROG	No_PHROG	No_PHROG	No_PHROG	PRODIGAL	CDS	None	hypothetical protein	unknown function	None	None	None	None	None	None	None	None	None	None	None	None	None	None	None	None	None	None	None	NODE_1_length_48799_cov_5.520556_CDS_0074
NODE_1_length_48799_cov_5.520556_CDS_0075	39071	39964	+	NODE_1_length_48799_cov_5.520556	148.5	544	189.0	0.397	6.478e-56	p136878 VI_00984	PRODIGAL	CDS	#3e83f6	major head protein	head and packaging	None	None	None	None	None	None	None	None	None	None	None	None	None	None	None	None	None	None	None	NODE_1_length_48799_cov_5.520556_CDS_0075
NODE_1_length_48799_cov_5.520556_CDS_0076	40006	40323	+	NODE_1_length_48799_cov_5.520556	32.0	132	49.0	0.292	3.002e-10	p324820 VI_05374	PRODIGAL	CDS	#35d7ff	head-tail adaptor	connector	None	None	None	None	None	None	None	None	None	None	None	None	None	None	None	None	None	None	None	NODE_1_length_48799_cov_5.520556_CDS_0076
NODE_1_length_48799_cov_5.520556_CDS_0077	40323	40640	+	NODE_1_length_48799_cov_5.520556	31.3	No_PHROG	No_PHROG	No_PHROG	No_PHROG	No_PHROG	PRODIGAL	CDS	None	hypothetical protein	unknown function	None	None	None	None	None	None	None	None	None	None	None	None	None	None	None	None	None	None	None	NODE_1_length_48799_cov_5.520556_CDS_0077
NODE_1_length_48799_cov_5.520556_CDS_0078	40627	40974	+	NODE_1_length_48799_cov_5.520556	44.5	No_PHROG	No_PHROG	No_PHROG	No_PHROG	No_PHROG	PRODIGAL	CDS	None	hypothetical protein	unknown function	None	None	None	None	None	None	None	None	None	None	None	None	None	None	None	None	None	None	None	NODE_1_length_48799_cov_5.520556_CDS_0078
NODE_1_length_48799_cov_5.520556_CDS_0079	40955	41338	+	NODE_1_length_48799_cov_5.520556	44.7	No_PHROG	No_PHROG	No_PHROG	No_PHROG	No_PHROG	PRODIGAL	CDS	None	hypothetical protein	unknown function	None	None	None	None	None	None	None	None	None	None	None	None	None	None	None	None	None	None	None	NODE_1_length_48799_cov_5.520556_CDS_0079
NODE_1_length_48799_cov_5.520556_CDS_0080	41351	41779	+	NODE_1_length_48799_cov_5.520556	74.1	1407	62.0	0.295	1.774e-14	NC_029100_p8	PRODIGAL	CDS	#07e9a2	major tail protein	tail	None	None	None	None	None	None	None	None	None	None	None	None	None	None	None	None	None	None	None	NODE_1_length_48799_cov_5.520556_CDS_0080
NODE_1_length_48799_cov_5.520556_CDS_0081	41797	42162	+	NODE_1_length_48799_cov_5.520556	66.5	No_PHROG	No_PHROG	No_PHROG	No_PHROG	No_PHROG	PRODIGAL	CDS	None	hypothetical protein	unknown function	None	None	None	None	None	None	None	None	None	None	None	None	None	None	None	None	None	None	None	NODE_1_length_48799_cov_5.520556_CDS_0081
NODE_1_length_48799_cov_5.520556_CDS_0082	42219	42452	+	NODE_1_length_48799_cov_5.520556	25.1	No_PHROG	No_PHROG	No_PHROG	No_PHROG	No_PHROG	PRODIGAL	CDS	None	hypothetical protein	unknown function	None	None	None	None	None	None	None	None	None	None	None	None	None	None	None	None	None	None	None	NODE_1_length_48799_cov_5.520556_CDS_0082
NODE_1_length_48799_cov_5.520556_CDS_0083	42456	44663	+	NODE_1_length_48799_cov_5.520556	337.8	19074	164.0	0.332	2.0520000000000002e-42	p33998 VI_01128	PRODIGAL	CDS	#c9c9c9	hypothetical protein	unknown function	None	None	None	None	None	None	None	None	None	None	None	None	None	None	None	None	None	None	None	NODE_1_length_48799_cov_5.520556_CDS_0083
NODE_1_length_48799_cov_5.520556_CDS_0084	44663	45346	+	NODE_1_length_48799_cov_5.520556	61.4	33	41.0	0.223	1.558e-06	p120183 VI_00035	PRODIGAL	CDS	#07e9a2	distal tail protein Dit	tail	None	None	None	None	None	None	None	None	None	None	None	None	None	None	None	None	None	None	None	NODE_1_length_48799_cov_5.520556_CDS_0084
NODE_1_length_48799_cov_5.520556_CDS_0085	45382	46548	+	NODE_1_length_48799_cov_5.520556	171.3	2557	48.0	0.474	9.08e-10	p173779 VI_03738	PRODIGAL	CDS	#3e83f6	virion structural protein	head and packaging	None	None	None	None	None	None	None	None	None	None	None	None	None	None	None	None	None	None	None	NODE_1_length_48799_cov_5.520556_CDS_0085
NODE_1_length_48799_cov_5.520556_CDS_0086	46561	48798	+	NODE_1_length_48799_cov_5.520556	333.8	3558	258.0	0.398	1.45e-77	p244753 VI_00900	PRODIGAL	CDS	#07e9a2	tail protein	tail	None	None	None	None	None	None	None	None	None	None	None	None	None	None	None	None	None	None	None	NODE_1_length_48799_cov_5.520556_CDS_0086
NODE_10_length_21507_cov_3.191404_CDS_0001	209	3151	+	NODE_10_length_21507_cov_3.191404	216.3	7951	79.0	0.215	2.891e-17	AF503408_p5	PRODIGAL	CDS	#fea328	transposase	integration and excision	None	None	None	None	None	None	None	None	None	None	None	None	None	None	None	None	None	None	None	NODE_10_length_21507_cov_3.191404_CDS_0001
NODE_10_length_21507_cov_3.191404_CDS_0002	3529	3200	-	NODE_10_length_21507_cov_3.191404	11.3	No_PHROG	No_PHROG	No_PHROG	No_PHROG	No_PHROG	PRODIGAL	CDS	None	hypothetical protein	unknown function	None	None	None	None	None	None	None	None	None	None	None	None	None	None	None	None	None	None	None	NODE_10_length_21507_cov_3.191404_CDS_0002
NODE_10_length_21507_cov_3.191404_CDS_0003	4235	3624	-	NODE_10_length_21507_cov_3.191404	48.9	No_PHROG	No_PHROG	No_PHROG	No_PHROG	No_PHROG	PRODIGAL	CDS	None	hypothetical protein	unknown function	None	None	None	None	None	None	None	None	None	None	None	None	None	None	None	None	None	None	None	NODE_10_length_21507_cov_3.191404_CDS_0003
NODE_10_length_21507_cov_3.191404_CDS_0004	6877	4529	-	NODE_10_length_21507_cov_3.191404	182.7	12316	347.0	0.35	2.48e-102	p307937 VI_04301	PRODIGAL	CDS	#838383	ATPase	other	None	None	None	None	None	None	None	None	None	None	None	None	None	None	None	None	None	None	None	NODE_10_length_21507_cov_3.191404_CDS_0004
NODE_10_length_21507_cov_3.191404_CDS_0005	7375	6959	-	NODE_10_length_21507_cov_3.191404	35.6	No_PHROG	No_PHROG	No_PHROG	No_PHROG	No_PHROG	PRODIGAL	CDS	None	hypothetical protein	unknown function	None	None	None	None	None	None	None	None	None	None	None	None	None	None	None	None	None	None	None	NODE_10_length_21507_cov_3.191404_CDS_0005
NODE_10_length_21507_cov_3.191404_CDS_0006	7946	7530	-	NODE_10_length_21507_cov_3.191404	17.7	No_PHROG	No_PHROG	No_PHROG	No_PHROG	No_PHROG	PRODIGAL	CDS	None	hypothetical protein	unknown function	None	None	None	None	None	None	None	None	None	None	None	None	None	None	None	None	None	None	None	NODE_10_length_21507_cov_3.191404_CDS_0006
NODE_10_length_21507_cov_3.191404_CDS_0007	8952	8029	-	NODE_10_length_21507_cov_3.191404	85.1	No_PHROG	No_PHROG	No_PHROG	No_PHROG	No_PHROG	PRODIGAL	CDS	None	hypothetical protein	unknown function	None	None	None	None	None	None	None	None	None	None	None	None	None	None	None	None	None	None	None	NODE_10_length_21507_cov_3.191404_CDS_0007
NODE_10_length_21507_cov_3.191404_CDS_0008	9349	8960	-	NODE_10_length_21507_cov_3.191404	39.5	No_PHROG	No_PHROG	No_PHROG	No_PHROG	No_PHROG	PRODIGAL	CDS	None	hypothetical protein	unknown function	None	None	None	None	None	None	None	None	None	None	None	None	None	None	None	None	None	None	None	NODE_10_length_21507_cov_3.191404_CDS_0008
NODE_10_length_21507_cov_3.191404_CDS_0009	10410	9397	-	NODE_10_length_21507_cov_3.191404	99.2	No_PHROG	No_PHROG	No_PHROG	No_PHROG	No_PHROG	PRODIGAL	CDS	None	hypothetical protein	unknown function	None	None	None	None	None	None	None	None	None	None	None	None	None	None	None	None	None	None	None	NODE_10_length_21507_cov_3.191404_CDS_0009
NODE_10_length_21507_cov_3.191404_CDS_0010	12342	10441	-	NODE_10_length_21507_cov_3.191404	166.9	No_PHROG	No_PHROG	No_PHROG	No_PHROG	No_PHROG	PRODIGAL	CDS	None	hypothetical protein	unknown function	None	None	None	None	None	None	None	None	None	None	None	None	None	None	None	None	None	None	None	NODE_10_length_21507_cov_3.191404_CDS_0010
NODE_10_length_21507_cov_3.191404_CDS_0011	12469	13188	+	NODE_10_length_21507_cov_3.191404	61.1	731	173.0	0.463	2.88e-51	p399702 VI_01090	PRODIGAL	CDS	#c9c9c9	hypothetical protein	unknown function	None	None	None	None	None	None	None	None	None	None	None	None	None	None	None	None	None	None	None	NODE_10_length_21507_cov_3.191404_CDS_0011
NODE_10_length_21507_cov_3.191404_CDS_0012	13185	14564	+	NODE_10_length_21507_cov_3.191404	111.6	857	169.0	0.357	1.4530000000000002e-46	p280816 VI_02251	PRODIGAL	CDS	#c9c9c9	hypothetical protein	unknown function	None	None	None	None	None	None	None	None	None	None	None	None	None	None	None	None	None	None	None	NODE_10_length_21507_cov_3.191404_CDS_0012
NODE_10_length_21507_cov_3.191404_CDS_0013	14994	14665	-	NODE_10_length_21507_cov_3.191404	29.3	No_PHROG	No_PHROG	No_PHROG	No_PHROG	No_PHROG	PRODIGAL	CDS	None	hypothetical protein	unknown function	None	None	None	None	None	None	None	None	None	None	None	None	None	None	None	None	None	None	None	NODE_10_length_21507_cov_3.191404_CDS_0013
NODE_10_length_21507_cov_3.191404_CDS_0014	15212	14991	-	NODE_10_length_21507_cov_3.191404	2.1	No_PHROG	No_PHROG	No_PHROG	No_PHROG	No_PHROG	PRODIGAL	CDS	None	hypothetical protein	unknown function	None	None	None	None	None	None	None	None	None	None	None	None	None	None	None	None	None	None	None	NODE_10_length_21507_cov_3.191404_CDS_0014
NODE_10_length_21507_cov_3.191404_CDS_0015	15254	15793	+	NODE_10_length_21507_cov_3.191404	40.8	No_PHROG	No_PHROG	No_PHROG	No_PHROG	No_PHROG	PRODIGAL	CDS	None	hypothetical protein	unknown function	None	None	None	None	None	None	None	None	None	None	None	None	None	None	None	None	None	None	None	NODE_10_length_21507_cov_3.191404_CDS_0015
NODE_10_length_21507_cov_3.191404_CDS_0016	15896	16234	+	NODE_10_length_21507_cov_3.191404	30.0	No_PHROG	No_PHROG	No_PHROG	No_PHROG	No_PHROG	PRODIGAL	CDS	None	hypothetical protein	unknown function	None	None	None	None	None	None	None	None	None	None	None	None	None	None	None	None	None	None	None	NODE_10_length_21507_cov_3.191404_CDS_0016
NODE_10_length_21507_cov_3.191404_CDS_0017	17229	16513	-	NODE_10_length_21507_cov_3.191404	50.4	No_PHROG	No_PHROG	No_PHROG	No_PHROG	No_PHROG	PRODIGAL	CDS	None	hypothetical protein	unknown function	None	None	None	None	None	None	None	None	None	None	None	None	None	None	None	None	None	None	None	NODE_10_length_21507_cov_3.191404_CDS_0017
NODE_10_length_21507_cov_3.191404_CDS_0018	18887	17412	-	NODE_10_length_21507_cov_3.191404	81.1	1	42.0	0.167	1.81e-06	p428256 VI_04636	PRODIGAL	CDS	#fea328	integrase	integration and excision	None	None	None	None	None	None	None	None	None	None	None	None	None	None	None	None	None	None	None	NODE_10_length_21507_cov_3.191404_CDS_0018
NODE_10_length_21507_cov_3.191404_CDS_0019	19840	18890	-	NODE_10_length_21507_cov_3.191404	89.2	No_PHROG	No_PHROG	No_PHROG	No_PHROG	No_PHROG	PRODIGAL	CDS	None	hypothetical protein	unknown function	None	None	None	None	None	None	None	None	None	None	None	None	None	None	None	None	None	None	None	NODE_10_length_21507_cov_3.191404_CDS_0019
NODE_10_length_21507_cov_3.191404_CDS_0020	20997	20134	-	NODE_10_length_21507_cov_3.191404	52.4	No_PHROG	No_PHROG	No_PHROG	No_PHROG	No_PHROG	PRODIGAL	CDS	None	hypothetical protein	unknown function	None	None	None	None	None	None	None	None	None	None	None	None	None	None	None	None	None	None	None	NODE_10_length_21507_cov_3.191404_CDS_0020
NODE_10_length_21507_cov_3.191404_CDS_0021	21507	21094	-	NODE_10_length_21507_cov_3.191404	21.9	No_PHROG	No_PHROG	No_PHROG	No_PHROG	No_PHROG	PRODIGAL	CDS	None	hypothetical protein	unknown function	None	None	None	None	None	None	None	None	None	None	None	None	None	None	None	None	None	None	None	NODE_10_length_21507_cov_3.191404_CDS_0021
NODE_48_length_11540_cov_2.652503_CDS_0001	366	680	+	NODE_48_length_11540_cov_2.652503	31.6	15482	226.0	1.0	8.426000000000001e-72	p68444 VI_04948	PRODIGAL	CDS	#c9c9c9	hypothetical protein	unknown function	None	None	None	None	None	None	None	None	None	None	None	None	None	None	None	None	None	None	None	NODE_48_length_11540_cov_2.652503_CDS_0001
NODE_48_length_11540_cov_2.652503_CDS_0002	699	1082	+	NODE_48_length_11540_cov_2.652503	54.4	15482	199.0	0.906	1.327e-62	p68444 VI_04948	PRODIGAL	CDS	#c9c9c9	hypothetical protein	unknown function	None	None	None	None	None	None	None	None	None	None	None	None	None	None	None	None	None	None	None	NODE_48_length_11540_cov_2.652503_CDS_0002
NODE_48_length_11540_cov_2.652503_CDS_0003	1111	2496	+	NODE_48_length_11540_cov_2.652503	152.1	1358	176.0	0.329	2.146e-49	MG983742_p56	PRODIGAL	CDS	#ff59f5	FtsK/SpoIIIE-like protein	moron, auxiliary metabolic gene and host takeover	None	None	None	None	None	None	None	None	None	None	None	None	None	None	None	None	None	None	None	NODE_48_length_11540_cov_2.652503_CDS_0003
NODE_48_length_11540_cov_2.652503_CDS_0004	2674	3879	+	NODE_48_length_11540_cov_2.652503	92.6	453	126.0	0.33	1.3659999999999999e-33	p438425 VI_01048	PRODIGAL	CDS	#ffdf59	replication initiation protein	DNA, RNA and nucleotide metabolism	None	None	None	None	None	None	None	None	None	None	None	None	None	None	None	None	None	None	None	NODE_48_length_11540_cov_2.652503_CDS_0004
NODE_48_length_11540_cov_2.652503_CDS_0005	3922	4143	+	NODE_48_length_11540_cov_2.652503	27.3	24542	175.0	1.0	6.815e-55	KY065497_p37	PRODIGAL	CDS	#c9c9c9	hypothetical protein	unknown function	None	None	None	None	None	None	None	None	None	None	None	None	None	None	None	None	None	None	None	NODE_48_length_11540_cov_2.652503_CDS_0005
NODE_48_length_11540_cov_2.652503_CDS_0006	4260	4757	+	NODE_48_length_11540_cov_2.652503	70.8	2059	118.0	0.435	3.992e-33	p235073 VI_06411	PRODIGAL	CDS	#ff59f5	anti-restriction protein	moron, auxiliary metabolic gene and host takeover	None	None	None	None	None	None	None	None	None	None	None	None	None	None	None	None	None	None	None	NODE_48_length_11540_cov_2.652503_CDS_0006
NODE_48_length_11540_cov_2.652503_CDS_0007	4846	5238	+	NODE_48_length_11540_cov_2.652503	13.3	23840	324.0	1.0	9.572e-105	KY065497_p35	PRODIGAL	CDS	#c9c9c9	hypothetical protein	unknown function	None	None	None	None	None	None	None	None	None	None	None	None	None	None	None	None	None	None	None	NODE_48_length_11540_cov_2.652503_CDS_0007
NODE_48_length_11540_cov_2.652503_CDS_0008	5222	5932	+	NODE_48_length_11540_cov_2.652503	72.0	24614	529.0	1.0	4.4199999999999996e-164	p34357 VI_04924	PRODIGAL	CDS	#c9c9c9	hypothetical protein	unknown function	None	None	None	None	None	None	None	None	None	None	None	None	None	None	None	None	None	None	None	NODE_48_length_11540_cov_2.652503_CDS_0008
NODE_48_length_11540_cov_2.652503_CDS_0009	5929	7515	+	NODE_48_length_11540_cov_2.652503	176.2	24614	1294.0	1.0	0.0	p34357 VI_04924	PRODIGAL	CDS	#c9c9c9	hypothetical protein	unknown function	None	None	None	None	None	None	None	None	None	None	None	None	None	None	None	None	None	None	None	NODE_48_length_11540_cov_2.652503_CDS_0009
NODE_48_length_11540_cov_2.652503_CDS_0010	7518	9695	+	NODE_48_length_11540_cov_2.652503	143.1	27693	1732.0	1.0	0.0	KY065497_p33	PRODIGAL	CDS	#c9c9c9	hypothetical protein	unknown function	None	None	None	None	None	None	None	None	None	None	None	None	None	None	None	None	None	None	None	NODE_48_length_11540_cov_2.652503_CDS_0010
NODE_48_length_11540_cov_2.652503_CDS_0011	9692	10693	+	NODE_48_length_11540_cov_2.652503	85.3	25111	840.0	1.0	2.504e-280	KY065497_p32	PRODIGAL	CDS	#07e9a2	tail protein	tail	None	None	None	None	None	None	None	None	None	None	None	None	None	None	None	None	None	None	None	NODE_48_length_11540_cov_2.652503_CDS_0011
NODE_48_length_11540_cov_2.652503_CDS_0012	10708	11538	+	NODE_48_length_11540_cov_2.652503	81.1	27702	689.0	1.0	2.281e-228	KY065497_p31	PRODIGAL	CDS	#c9c9c9	hypothetical protein	unknown function	None	None	None	None	None	None	None	None	None	None	None	None	None	None	None	None	None	None	None	NODE_48_length_11540_cov_2.652503_CDS_0012
NODE_60_length_10226_cov_5.480877_CDS_0001	91	2	-	NODE_60_length_10226_cov_5.480877	1.9	No_PHROG	No_PHROG	No_PHROG	No_PHROG	No_PHROG	PRODIGAL	CDS	None	hypothetical protein	unknown function	None	None	None	None	None	None	None	None	None	None	None	None	None	None	None	None	None	None	None	NODE_60_length_10226_cov_5.480877_CDS_0001
NODE_60_length_10226_cov_5.480877_CDS_0002	333	88	-	NODE_60_length_10226_cov_5.480877	18.9	No_PHROG	No_PHROG	No_PHROG	No_PHROG	No_PHROG	PRODIGAL	CDS	None	hypothetical protein	unknown function	None	None	None	None	None	None	None	None	None	None	None	None	None	None	None	None	None	None	None	NODE_60_length_10226_cov_5.480877_CDS_0002
NODE_60_length_10226_cov_5.480877_CDS_0003	571	317	-	NODE_60_length_10226_cov_5.480877	14.2	No_PHROG	No_PHROG	No_PHROG	No_PHROG	No_PHROG	PRODIGAL	CDS	None	hypothetical protein	unknown function	None	None	None	None	None	None	None	None	None	None	None	None	None	None	None	None	None	None	None	NODE_60_length_10226_cov_5.480877_CDS_0003
NODE_60_length_10226_cov_5.480877_CDS_0004	2032	755	-	NODE_60_length_10226_cov_5.480877	81.0	1	76.0	0.248	3.709e-17	p428256 VI_04636	PRODIGAL	CDS	#fea328	integrase	integration and excision	None	None	None	None	None	None	None	None	None	None	None	None	None	None	None	None	None	None	None	NODE_60_length_10226_cov_5.480877_CDS_0004
NODE_60_length_10226_cov_5.480877_CDS_0005	3828	2872	-	NODE_60_length_10226_cov_5.480877	80.2	2172	166.0	0.406	1.649e-46	p53181 VI_09211	PRODIGAL	CDS	#c9c9c9	hypothetical protein	unknown function	None	None	None	None	None	None	None	None	None	None	None	None	None	None	None	None	None	None	None	NODE_60_length_10226_cov_5.480877_CDS_0005
NODE_60_length_10226_cov_5.480877_CDS_0006	7583	4818	-	NODE_60_length_10226_cov_5.480877	234.1	29234	153.0	0.287	3.992e-40	p378631 VI_04271	PRODIGAL	CDS	#c9c9c9	hypothetical protein	unknown function	None	None	None	None	None	None	None	None	None	None	None	None	None	None	None	None	None	None	None	NODE_60_length_10226_cov_5.480877_CDS_0006
NODE_60_length_10226_cov_5.480877_CDS_0007	8167	7580	-	NODE_60_length_10226_cov_5.480877	42.3	No_PHROG	No_PHROG	No_PHROG	No_PHROG	No_PHROG	PRODIGAL	CDS	None	hypothetical protein	unknown function	None	None	None	None	None	None	None	None	None	None	None	None	None	None	None	None	None	None	None	NODE_60_length_10226_cov_5.480877_CDS_0007
NODE_60_length_10226_cov_5.480877_CDS_0008	8657	8160	-	NODE_60_length_10226_cov_5.480877	38.3	No_PHROG	No_PHROG	No_PHROG	No_PHROG	No_PHROG	PRODIGAL	CDS	None	hypothetical protein	unknown function	None	None	None	None	None	None	None	None	None	None	None	None	None	None	None	None	None	None	None	NODE_60_length_10226_cov_5.480877_CDS_0008
NODE_60_length_10226_cov_5.480877_CDS_0009	8922	8644	-	NODE_60_length_10226_cov_5.480877	35.5	No_PHROG	No_PHROG	No_PHROG	No_PHROG	No_PHROG	PRODIGAL	CDS	None	hypothetical protein	unknown function	None	None	None	None	None	None	None	None	None	None	None	None	None	None	None	None	None	None	None	NODE_60_length_10226_cov_5.480877_CDS_0009
NODE_60_length_10226_cov_5.480877_CDS_0010	9163	8915	-	NODE_60_length_10226_cov_5.480877	30.7	No_PHROG	No_PHROG	No_PHROG	No_PHROG	No_PHROG	PRODIGAL	CDS	None	hypothetical protein	unknown function	None	None	None	None	None	None	None	None	None	None	None	None	None	None	None	None	None	None	None	NODE_60_length_10226_cov_5.480877_CDS_0010
NODE_60_length_10226_cov_5.480877_CDS_0011	9428	9156	-	NODE_60_length_10226_cov_5.480877	22.8	No_PHROG	No_PHROG	No_PHROG	No_PHROG	No_PHROG	PRODIGAL	CDS	None	hypothetical protein	unknown function	None	None	None	None	None	None	None	None	None	None	None	None	None	None	None	None	None	None	None	NODE_60_length_10226_cov_5.480877_CDS_0011
NODE_60_length_10226_cov_5.480877_CDS_0012	9670	9425	-	NODE_60_length_10226_cov_5.480877	6.6	66	36.0	0.341	2.235e-06	NC_023692_p35	PRODIGAL	CDS	#fea328	excisionase and transcriptional regulator	integration and excision	None	None	None	None	None	None	None	None	None	None	None	None	None	None	None	None	None	None	None	NODE_60_length_10226_cov_5.480877_CDS_0012
NODE_60_length_10226_cov_5.480877_CDS_0013	10078	9812	-	NODE_60_length_10226_cov_5.480877	27.7	No_PHROG	No_PHROG	No_PHROG	No_PHROG	No_PHROG	PRODIGAL	CDS	None	hypothetical protein	unknown function	None	None	None	None	None	None	None	None	None	None	None	None	None	None	None	None	None	None	None	NODE_60_length_10226_cov_5.480877_CDS_0013
NODE_164_length_6684_cov_2.145572_CDS_0001	319	2	-	NODE_164_length_6684_cov_2.145572	28.2	No_PHROG	No_PHROG	No_PHROG	No_PHROG	No_PHROG	PRODIGAL	CDS	None	hypothetical protein	unknown function	None	None	None	None	None	None	None	None	None	None	None	None	None	None	None	None	None	None	None	NODE_164_length_6684_cov_2.145572_CDS_0001
NODE_164_length_6684_cov_2.145572_CDS_0002	1119	316	-	NODE_164_length_6684_cov_2.145572	71.7	36238	252.0	0.55	5.254e-78	p3547 VI_02575	PRODIGAL	CDS	#c9c9c9	hypothetical protein	unknown function	None	None	None	None	None	None	None	None	None	None	None	None	None	None	None	None	None	None	None	NODE_164_length_6684_cov_2.145572_CDS_0002
NODE_164_length_6684_cov_2.145572_CDS_0003	1481	1116	-	NODE_164_length_6684_cov_2.145572	47.2	33307	63.0	0.579	3.588e-15	p3548 VI_02575	PRODIGAL	CDS	#c9c9c9	hypothetical protein	unknown function	None	None	None	None	None	None	None	None	None	None	None	None	None	None	None	None	None	None	None	NODE_164_length_6684_cov_2.145572_CDS_0003
NODE_164_length_6684_cov_2.145572_CDS_0004	1735	1490	-	NODE_164_length_6684_cov_2.145572	41.2	29532	56.0	0.63	2.111e-13	p3549 VI_02575	PRODIGAL	CDS	#c9c9c9	hypothetical protein	unknown function	None	None	None	None	None	None	None	None	None	None	None	None	None	None	None	None	None	None	None	NODE_164_length_6684_cov_2.145572_CDS_0004
NODE_164_length_6684_cov_2.145572_CDS_0005	2106	1825	-	NODE_164_length_6684_cov_2.145572	23.0	No_PHROG	No_PHROG	No_PHROG	No_PHROG	No_PHROG	PRODIGAL	CDS	None	hypothetical protein	unknown function	None	None	None	None	None	None	None	None	None	None	None	None	None	None	None	None	None	None	None	NODE_164_length_6684_cov_2.145572_CDS_0005
NODE_164_length_6684_cov_2.145572_CDS_0006	2498	2109	-	NODE_164_length_6684_cov_2.145572	34.6	No_PHROG	No_PHROG	No_PHROG	No_PHROG	No_PHROG	PRODIGAL	CDS	None	hypothetical protein	unknown function	None	None	None	None	None	None	None	None	None	None	None	None	None	None	None	None	None	None	None	NODE_164_length_6684_cov_2.145572_CDS_0006
NODE_164_length_6684_cov_2.145572_CDS_0007	3312	2548	-	NODE_164_length_6684_cov_2.145572	69.2	9248	199.0	0.64	4.602e-57	KR093649_p51	PRODIGAL	CDS	#c9c9c9	hypothetical protein	unknown function	None	None	None	None	None	None	None	None	None	None	None	None	None	None	None	None	None	None	None	NODE_164_length_6684_cov_2.145572_CDS_0007
NODE_164_length_6684_cov_2.145572_CDS_0008	4135	3338	-	NODE_164_length_6684_cov_2.145572	75.5	9248	160.0	0.442	4.272e-44	KR093649_p51	PRODIGAL	CDS	#c9c9c9	hypothetical protein	unknown function	None	None	None	None	None	None	None	None	None	None	None	None	None	None	None	None	None	None	None	NODE_164_length_6684_cov_2.145572_CDS_0008
NODE_164_length_6684_cov_2.145572_CDS_0009	4749	4132	-	NODE_164_length_6684_cov_2.145572	54.1	No_PHROG	No_PHROG	No_PHROG	No_PHROG	No_PHROG	PRODIGAL	CDS	None	hypothetical protein	unknown function	None	None	None	None	None	None	None	None	None	None	None	None	None	None	None	None	None	None	None	NODE_164_length_6684_cov_2.145572_CDS_0009
NODE_164_length_6684_cov_2.145572_CDS_0010	4934	4749	-	NODE_164_length_6684_cov_2.145572	4.9	No_PHROG	No_PHROG	No_PHROG	No_PHROG	No_PHROG	PRODIGAL	CDS	None	hypothetical protein	unknown function	None	None	None	None	None	None	None	None	None	None	None	None	None	None	None	None	None	None	None	NODE_164_length_6684_cov_2.145572_CDS_0010
NODE_164_length_6684_cov_2.145572_CDS_0011	5532	4903	-	NODE_164_length_6684_cov_2.145572	63.9	No_PHROG	No_PHROG	No_PHROG	No_PHROG	No_PHROG	PRODIGAL	CDS	None	hypothetical protein	unknown function	None	None	None	None	None	None	None	None	None	None	None	None	None	None	None	None	None	None	None	NODE_164_length_6684_cov_2.145572_CDS_0011
NODE_164_length_6684_cov_2.145572_CDS_0012	5671	5946	+	NODE_164_length_6684_cov_2.145572	47.3	No_PHROG	No_PHROG	No_PHROG	No_PHROG	No_PHROG	PRODIGAL	CDS	None	hypothetical protein	unknown function	None	None	None	None	None	None	None	None	None	None	None	None	None	None	None	None	None	None	None	NODE_164_length_6684_cov_2.145572_CDS_0012
NODE_164_length_6684_cov_2.145572_CDS_0013	6433	6059	-	NODE_164_length_6684_cov_2.145572	25.5	No_PHROG	No_PHROG	No_PHROG	No_PHROG	No_PHROG	PRODIGAL	CDS	None	hypothetical protein	unknown function	None	None	None	None	None	None	None	None	None	None	None	None	None	None	None	None	None	None	None	NODE_164_length_6684_cov_2.145572_CDS_0013
NODE_164_length_6684_cov_2.145572_CDS_0014	6684	6496	-	NODE_164_length_6684_cov_2.145572	27.7	No_PHROG	No_PHROG	No_PHROG	No_PHROG	No_PHROG	PRODIGAL	CDS	None	hypothetical protein	unknown function	None	None	None	None	None	None	None	None	None	None	None	None	None	None	None	None	None	None	None	NODE_164_length_6684_cov_2.145572_CDS_0014
NODE_230_length_5704_cov_5.573199_CDS_0001	275	3	-	NODE_230_length_5704_cov_5.573199	25.6	31420	236.0	1.0	1.868e-75	p3663 VI_06941	PRODIGAL	CDS	#c9c9c9	hypothetical protein	unknown function	None	None	None	None	None	None	None	None	None	None	None	None	None	None	None	None	None	None	None	NODE_230_length_5704_cov_5.573199_CDS_0001
NODE_230_length_5704_cov_5.573199_CDS_0002	1177	362	-	NODE_230_length_5704_cov_5.573199	78.5	27335	514.0	0.909	1.7070000000000001e-168	p55294 VI_07981	PRODIGAL	CDS	#c9c9c9	hypothetical protein	unknown function	None	None	None	None	None	None	None	gb|AAL59753.1|ARO:3000412|sul2 [Vibrio cholerae] 	520.0	0.915	1.4249999999999999e-170	Vibrio cholerae	ARO:3000412	sul2	AAL59753.1	AY055428.1	sulfonamide resistant sul	sulfonamide antibiotic;sulfone antibiotic	antibiotic target replacement	NODE_230_length_5704_cov_5.573199_CDS_0002
NODE_230_length_5704_cov_5.573199_CDS_0003	1547	1365	-	NODE_230_length_5704_cov_5.573199	9.6	No_PHROG	No_PHROG	No_PHROG	No_PHROG	No_PHROG	PRODIGAL	CDS	None	hypothetical protein	unknown function	None	None	None	None	None	None	None	None	None	None	None	None	None	None	None	None	None	None	None	NODE_230_length_5704_cov_5.573199_CDS_0003
NODE_230_length_5704_cov_5.573199_CDS_0004	1752	1534	-	NODE_230_length_5704_cov_5.573199	16.8	No_PHROG	No_PHROG	No_PHROG	No_PHROG	No_PHROG	PRODIGAL	CDS	None	hypothetical protein	unknown function	None	None	None	None	None	None	None	None	None	None	None	None	None	None	None	None	None	None	None	NODE_230_length_5704_cov_5.573199_CDS_0004
NODE_230_length_5704_cov_5.573199_CDS_0005	2164	1826	-	NODE_230_length_5704_cov_5.573199	33.2	No_PHROG	No_PHROG	No_PHROG	No_PHROG	No_PHROG	PRODIGAL	CDS	None	hypothetical protein	unknown function	None	None	None	None	None	None	None	None	None	None	None	None	None	None	None	None	None	None	None	NODE_230_length_5704_cov_5.573199_CDS_0005
NODE_230_length_5704_cov_5.573199_CDS_0006	5511	2188	-	NODE_230_length_5704_cov_5.573199	337.5	325	65.0	0.197	1.279e-13	MF360957_p200	PRODIGAL	CDS	#ffdf59	Dda-like helicase	DNA, RNA and nucleotide metabolism	None	None	None	None	None	None	None	None	None	None	None	None	None	None	None	None	None	None	None	NODE_230_length_5704_cov_5.573199_CDS_0006
NODE_242_length_5524_cov_2.650393_CDS_0001	496	1824	+	NODE_242_length_5524_cov_2.650393	177.5	31146	41.0	0.875	5.474e-06	p688 VI_01291	PRODIGAL	CDS	#c9c9c9	hypothetical protein	unknown function	None	None	None	None	None	None	None	None	None	None	None	None	None	None	None	None	None	None	None	NODE_242_length_5524_cov_2.650393_CDS_0001
NODE_242_length_5524_cov_2.650393_CDS_0002	1827	2111	+	NODE_242_length_5524_cov_2.650393	26.4	No_PHROG	No_PHROG	No_PHROG	No_PHROG	No_PHROG	PRODIGAL	CDS	None	hypothetical protein	unknown function	None	None	None	None	None	None	None	None	None	None	None	None	None	None	None	None	None	None	None	NODE_242_length_5524_cov_2.650393_CDS_0002
NODE_242_length_5524_cov_2.650393_CDS_0003	2349	3401	+	NODE_242_length_5524_cov_2.650393	110.0	No_PHROG	No_PHROG	No_PHROG	No_PHROG	No_PHROG	PRODIGAL	CDS	None	hypothetical protein	unknown function	None	None	None	None	None	None	None	None	None	None	None	None	None	None	None	None	None	None	None	NODE_242_length_5524_cov_2.650393_CDS_0003
NODE_242_length_5524_cov_2.650393_CDS_0004	3528	3941	+	NODE_242_length_5524_cov_2.650393	56.6	35980	47.0	0.55	1e-08	p348109 VI_00906	PRODIGAL	CDS	#c9c9c9	hypothetical protein	unknown function	None	None	None	None	None	None	None	None	None	None	None	None	None	None	None	None	None	None	None	NODE_242_length_5524_cov_2.650393_CDS_0004
NODE_242_length_5524_cov_2.650393_CDS_0005	4427	5299	+	NODE_242_length_5524_cov_2.650393	126.5	31146	122.0	0.333	2.741e-31	p688 VI_01291	PRODIGAL	CDS	#c9c9c9	hypothetical protein	unknown function	None	None	None	None	None	None	None	None	None	None	None	None	None	None	None	None	None	None	None	NODE_242_length_5524_cov_2.650393_CDS_0005
NODE_242_length_5524_cov_2.650393_CDS_0006	5241	5522	+	NODE_242_length_5524_cov_2.650393	35.0	No_PHROG	No_PHROG	No_PHROG	No_PHROG	No_PHROG	PRODIGAL	CDS	None	hypothetical protein	unknown function	None	None	None	None	None	None	None	None	None	None	None	None	None	None	None	None	None	None	None	NODE_242_length_5524_cov_2.650393_CDS_0006
